Variable: Emissions of CH4 - Waste (Model Estimations, RIVM-MNP)
Units: Gigagrams of CH4
Data Source: RIVM-MNP
Provider: UNEP GEO Data Portal (http://geodata.grid.unep.ch/)
Country Name,Sovereign,GEO Region,GEO Subregion,ISO 2 Code,ISO 3 Code,UN Code,Developed,GEO ID,2000
Afghanistan,Afghanistan,Asia + Pacific,South Asia,AF,AFG,4,0,0,4,144.518
Albania,Albania,Europe,Central Europe,AL,ALB,8,0,0,8,17.5418
Algeria,Algeria,Africa,Northern Africa,DZ,DZA,12,0,0,12,205.181
American Samoa,United States of America,Asia + Pacific,South Pacific,AS,ASM,16,0,0,16,4.4524
Andorra,Andorra,Europe,Western Europe,AD,AND,20,0,0,20,0.530129
Angola,Angola,Africa,Southern Africa,AO,AGO,24,0,0,24,67.2539
Anguilla,United Kingdom of Great Britain and Northern Ireland,Latin America + Caribbean,Caribbean,AI,AIA,660,0,0,28,0.0564505
Antarctic,Antarctic,Polar,Antarctic,ATA,AQ,0,0,0,32,NULL
Antigua and Barbuda,Antigua and Barbuda,Latin America + Caribbean,Caribbean,AG,ATG,28,0,0,36,0.798243
Argentina,Argentina,Latin America + Caribbean,South America,AR,ARG,32,0,0,40,642.068
Armenia,Armenia,Europe,Eastern Europe,AM,ARM,51,0,0,44,24.6701
Aruba,Netherlands,Latin America + Caribbean,Caribbean,AW,ABW,533,0,0,48,0.854444
Australia,Australia,Asia + Pacific,Australia + New Zealand,AU,AUS,36,1,1,52,455.351
Austria,Austria,Europe,Western Europe,AT,AUT,40,1,1,56,116.52
Azerbaijan,Azerbaijan,Europe,Eastern Europe,AZ,AZE,31,0,0,60,49.4793
Bahamas,Bahamas,Latin America + Caribbean,Caribbean,BS,BHS,44,0,0,64,5.38195
Bahrain,Bahrain,West Asia,Arabian Peninsula,BH,BHR,48,0,0,68,6.09935
Bangladesh,Bangladesh,Asia + Pacific,South Asia,BD,BGD,50,0,0,76,800.115
Barbados,Barbados,Latin America + Caribbean,Caribbean,BB,BRB,52,0,0,80,3.03494
Belarus,Belarus,Europe,Eastern Europe,BY,BLR,112,0,0,84,95.4199
Belgium,Belgium,Europe,Western Europe,BE,BEL,56,1,1,88,110.976
Belize,Belize,Latin America + Caribbean,Meso America,BZ,BLZ,84,0,0,92,2.48746
Benin,Benin,Africa,Western Africa,BJ,BEN,204,0,0,96,35.2016
Bermuda,United Kingdom of Great Britain and Northern Ireland,Latin America + Caribbean,Caribbean,BM,BMU,60,0,0,100,1.48854
Bhutan,Bhutan,Asia + Pacific,South Asia,BT,BTN,64,0,0,104,13.0459
Bolivia,Bolivia,Latin America + Caribbean,South America,BO,BOL,68,0,0,108,90.4025
Bosnia and Herzegovina,Bosnia and Herzegovina,Europe,Central Europe,BA,BIH,70,0,0,112,18.6973
Botswana,Botswana,Africa,Southern Africa,BW,BWA,72,0,0,116,12.2381
Brazil,Brazil,Latin America + Caribbean,South America,BR,BRA,76,0,0,124,2946.89
British Virgin Islands,United Kingdom of Great Britain and Northern Ireland,Latin America + Caribbean,Caribbean,VG,VGB,92,0,0,132,0.115495
Brunei Darussalam,Brunei Darussalam,Asia + Pacific,South East Asia,BN,BRN,96,0,0,136,2.87027
Bulgaria,Bulgaria,Europe,Central Europe,BG,BGR,100,0,0,140,89.461
Burkina Faso,Burkina Faso,Africa,Western Africa,BF,BFA,854,0,0,144,55.2739
Burundi,Burundi,Africa,Eastern Africa,BI,BDI,108,0,0,148,26.1924
Cambodia,Cambodia,Asia + Pacific,South East Asia,KH,KHM,116,0,0,152,74.9236
Cameroon,Cameroon,Africa,Central Africa,CM,CMR,120,0,0,156,98.4459
Canada,Canada,North America,North America,CA,CAN,124,1,1,160,1284.39
Cape Verde,Cape Verde,Africa,Western Africa,CV,CPV,132,0,0,164,2.95092
Cayman Islands,United Kingdom of Great Britain and Northern Ireland,Latin America + Caribbean,Caribbean,KY,CYM,136,0,0,168,0.783584
Central African Republic,Central African Republic,Africa,Central Africa,CF,CAF,140,0,0,172,20.9371
Chad,Chad,Africa,Central Africa,TD,TCD,148,0,0,176,35.9533
Chile,Chile,Latin America + Caribbean,South America,CL,CHL,152,0,1,180,477.667
China,China,Asia + Pacific,North East Asia,CN,CHN,156,0,0,184,7144.36
Christmas Island,Australia,Asia + Pacific,South East Asia,CX,CXR,0,0,0,188,0.00851369
Cocos (Keeling) Islands,Australia,Asia + Pacific,South Pacific,CC,CCK,0,0,0,192,0.00425685
Colombia,Colombia,Latin America + Caribbean,South America,CO,COL,170,0,0,196,572.043
Comoros,Comoros,Africa,Western Indian Ocean,KM,COM,174,0,0,200,3.77138
Congo,Congo,Africa,Central Africa,CG,COG,178,0,0,204,21.495
Cook Islands,New Zealand,Asia + Pacific,South Pacific,CK,COK,184,0,0,208,0.128157
Costa Rica,Costa Rica,Latin America + Caribbean,Meso America,CR,CRI,188,0,0,212,43.1576
Côte d'Ivoire,Côte d'Ivoire,Africa,Western Africa,CI,CIV,384,0,0,216,92.8191
Croatia,Croatia,Europe,Central Europe,HR,HRV,191,0,0,220,38.4533
Cuba,Cuba,Latin America + Caribbean,Caribbean,CU,CUB,192,0,0,224,136.193
Cyprus,Cyprus,Europe,Central Europe,CY,CYP,196,1,0,228,6.90915
Czech Republic,Czech Republic,Europe,Central Europe,CZ,CZE,203,1,1,232,146.051
Democratic People's Republic of Korea,Democratic People's Republic of Korea,Asia + Pacific,North East Asia,KP,PRK,408,0,0,236,167.89
Democratic Republic of the Congo,Democratic Republic of the Congo,Africa,Central Africa,CD,COD,180,0,0,240,281.95
Denmark,Denmark,Europe,Western Europe,DK,DNK,208,1,1,244,41.857
Djibouti,Djibouti,Africa,Eastern Africa,DJ,DJI,262,0,0,248,5.8328
Dominica,Dominica,Latin America + Caribbean,Caribbean,DM,DMA,212,0,0,252,0.940127
Dominican Republic,Dominican Republic,Latin America + Caribbean,Caribbean,DO,DOM,214,0,0,256,91.0538
Ecuador,Ecuador,Latin America + Caribbean,South America,EC,ECU,218,0,0,260,144.635
Egypt,Egypt,Africa,Northern Africa,EG,EGY,818,0,0,264,375.766
El Salvador,El Salvador,Latin America + Caribbean,Meso America,SV,SLV,222,0,0,268,57.7135
Equatorial Guinea,Equatorial Guinea,Africa,Central Africa,GQ,GNQ,226,0,0,272,2.6852
Eritrea,Eritrea,Africa,Eastern Africa,ER,ERI,232,0,0,276,17.005
Estonia,Estonia,Europe,Central Europe,EE,EST,233,0,1,280,17.3099
Ethiopia,Ethiopia,Africa,Eastern Africa,ET,ETH,231,0,0,284,288.133
Falkland Islands (Malvinas),United Kingdom of Great Britain and Northern Ireland,Latin America + Caribbean,South America,FK,FLK,238,0,0,288,0.0536141
Faroe Islands,Denmark,Europe,Western Europe,FO,FRO,234,0,0,292,0.272416
Fiji,Fiji,Asia + Pacific,South Pacific,FJ,FJI,242,0,0,296,3.85105
Finland,Finland,Europe,Western Europe,FI,FIN,246,1,1,300,184.288
France,France,Europe,Western Europe,FR,FRA,250,1,1,304,388.357
French Guiana,France,Latin America + Caribbean,South America,GF,GUF,254,0,0,308,2.70676
French Polynesia,France,Asia + Pacific,South Pacific,PF,PYF,258,0,0,312,1.29174
Gabon,Gabon,Africa,Central Africa,GA,GAB,266,0,0,320,8.8143
Gambia,Gambia,Africa,Western Africa,GM,GMB,270,0,0,324,6.73801
Georgia,Georgia,Europe,Eastern Europe,GE,GEO,268,0,0,328,37.8659
Germany,Germany,Europe,Western Europe,DE,DEU,276,1,1,332,614.735
Ghana,Ghana,Africa,Western Africa,GH,GHA,288,0,0,336,114.223
Gibraltar,United Kingdom of Great Britain and Northern Ireland,Europe,Western Europe,GI,GIB,292,0,0,340,0.243305
Greece,Greece,Europe,Western Europe,GR,GRC,300,1,1,348,163.207
Greenland,Denmark,Polar,Arctic,GL,GRL,0,0,0,352,0.401979
Grenada,Grenada,Latin America + Caribbean,Caribbean,GD,GRD,308,0,0,356,0.84348
Guadeloupe,France,Latin America + Caribbean,Caribbean,GP,GLP,312,0,0,360,8.42
Guam,United States of America,Asia + Pacific,South Pacific,GU,GUM,316,0,0,364,0.884984
Guatemala,Guatemala,Latin America + Caribbean,Meso America,GT,GTM,320,0,0,368,100.551
Guernsey,United Kingdom of Great Britain and Northern Ireland,Europe,Western Europe,GG,GGY,831,0,0,372,NULL
Guinea,Guinea,Africa,Western Africa,GN,GIN,324,0,0,376,43.1865
Guinea-Bissau,Guinea-Bissau,Africa,Western Africa,GW,GNB,624,0,0,380,6.03418
Guyana,Guyana,Latin America + Caribbean,South America,GY,GUY,328,0,0,384,7.674
Haiti,Haiti,Latin America + Caribbean,Caribbean,HT,HTI,332,0,0,388,56.5599
Holy See,Holy See,Europe,Western Europe,VA,VAT,336,0,0,396,0.00912889
Honduras,Honduras,Latin America + Caribbean,Meso America,HN,HND,340,0,0,400,54.8452
Hungary,Hungary,Europe,Central Europe,HU,HUN,348,0,1,408,169.613
Iceland,Iceland,Europe,Western Europe,IS,ISL,352,1,1,412,6.67242
India,India,Asia + Pacific,South Asia,IN,IND,356,0,0,416,6720.82
Indonesia,Indonesia,Asia + Pacific,South East Asia,ID,IDN,360,0,0,420,1749.64
Iran (Islamic Republic of),Iran (Islamic Republic of),Asia + Pacific,South Asia,IR,IRN,364,0,0,424,588.244
Iraq,Iraq,West Asia,Mashriq,IQ,IRQ,368,0,0,428,187.903
Ireland,Ireland,Europe,Western Europe,IE,IRL,372,1,1,432,67.024
Isle of Man,United Kingdom of Great Britain and Northern Ireland,Europe,Western Europe,,IMY,833,0,0,436,NULL
Israel,Israel,Europe,Western Europe,IL,ISR,376,1,1,440,26.7625
Italy,Italy,Europe,Western Europe,IT,ITA,380,1,1,444,877.951
Jamaica,Jamaica,Latin America + Caribbean,Caribbean,JM,JAM,388,0,0,448,26.5684
Japan,Japan,Asia + Pacific,North East Asia,JP,JPN,392,1,1,452,1519.93
Jersey,United Kingdom of Great Britain and Northern Ireland,Europe,Western Europe,JE,JEY,832,0,0,460,NULL
Johnston Atoll,United States of America,Asia + Pacific,South Pacific,,,0,0,0,464,NULL
Jordan,Jordan,West Asia,Mashriq,JO,JOR,400,0,0,468,46.9807
Kazakhstan,Kazakhstan,Asia + Pacific,Central Asia,KZ,KAZ,398,0,0,476,133.252
Kenya,Kenya,Africa,Eastern Africa,KE,KEN,404,0,0,480,160.928
Kiribati,Kiribati,Asia + Pacific,South Pacific,KI,KIR,296,0,0,484,0.331978
Kuwait,Kuwait,West Asia,Arabian Peninsula,KW,KWT,414,0,0,488,23.3314
Kyrgyzstan,Kyrgyzstan,Asia + Pacific,Central Asia,KG,KGZ,417,0,0,492,26.7999
Lao People's Democratic Republic,Lao People's Democratic Republic,Asia + Pacific,South East Asia,LA,LAO,418,0,0,496,36.2627
Latvia,Latvia,Europe,Central Europe,LV,LVA,428,0,0,500,30.3071
Lebanon,Lebanon,West Asia,Mashriq,LB,LBN,422,0,0,504,30.818
Lesotho,Lesotho,Africa,Southern Africa,LS,LSO,426,0,0,508,10.7771
Liberia,Liberia,Africa,Western Africa,LR,LBR,430,0,0,512,18.0201
Libyan Arab Jamahiriya,Libyan Arab Jamahiriya,Africa,Northern Africa,LY,LBY,434,0,0,516,52.2254
Liechtenstein,Liechtenstein,Europe,Western Europe,LI,LIE,438,0,0,520,0.169865
Lithuania,Lithuania,Europe,Central Europe,LT,LTU,440,0,0,524,34.3495
Luxembourg,Luxembourg,Europe,Western Europe,LU,LUX,442,1,1,528,5.06328
Madagascar,Madagascar,Africa,Western Indian Ocean,MG,MDG,450,0,0,536,87.029
Malawi,Malawi,Africa,Southern Africa,MW,MWI,454,0,0,540,48.5254
Malaysia,Malaysia,Asia + Pacific,South East Asia,MY,MYS,458,0,0,544,163.408
Maldives,Maldives,Asia + Pacific,South Asia,MV,MDV,462,0,0,548,1.98061
Mali,Mali,Africa,Western Africa,ML,MLI,466,0,0,552,62.9821
Malta,Malta,Europe,Western Europe,MT,MLT,470,1,0,556,2.42887
Marshall Islands,Marshall Islands,Asia + Pacific,South Pacific,MH,MHL,584,0,0,560,0.254537
Martinique,France,Latin America + Caribbean,Caribbean,MQ,MTQ,474,0,0,564,7.35894
Mauritania,Mauritania,Africa,Western Africa,MR,MRT,478,0,0,568,16.7016
Mauritius,Mauritius,Africa,Western Indian Ocean,MU,MUS,480,0,0,572,8.4786
Mayotte,France,Africa,Western Indian Ocean,YT,MYT,0,0,0,576,0.100359
Mexico,Mexico,Latin America + Caribbean,Meso America,MX,MEX,484,0,1,580,1759.83
Micronesia (Federated States of),Micronesia (Federated States of),Asia + Pacific,South Pacific,FM,FSM,583,0,0,584,0.536823
Midway Islands,United States of America,Asia + Pacific,South Pacific,,,0,0,0,588,NULL
Moldova,Moldova,Europe,Eastern Europe,MD,MDA,498,0,0,592,28.6519
Monaco,Monaco,Europe,Western Europe,MC,MCO,492,0,0,596,0.305263
Mongolia,Mongolia,Asia + Pacific,North East Asia,MN,MNG,496,0,0,600,18.0815
Montenegro,Montenegro,Europe,Central Europe,ME,MNE,499,0,0,602,NULL
Montserrat,United Kingdom of Great Britain and Northern Ireland,Latin America + Caribbean,Caribbean,MS,MSR,500,0,0,604,0.0357395
Morocco,Morocco,Africa,Northern Africa,MA,MAR,504,0,0,608,187.014
Mozambique,Mozambique,Africa,Southern Africa,MZ,MOZ,508,0,0,612,102.733
Myanmar,Myanmar,Asia + Pacific,South East Asia,MM,MMR,104,0,0,616,319.381
Namibia,Namibia,Africa,Southern Africa,NA,NAM,516,0,0,620,10.5699
Nauru,Nauru,Asia + Pacific,South Pacific,NR,NRU,520,0,0,624,0.0713231
Nepal,Nepal,Asia + Pacific,South Asia,NP,NPL,524,0,0,628,156.064
Netherlands,Netherlands,Europe,Western Europe,NL,NLD,528,1,1,632,223.669
Netherlands Antilles,Netherlands,Latin America + Caribbean,Caribbean,AN,ANT,530,0,0,636,3.06783
New Caledonia,France,Asia + Pacific,South Pacific,NC,NCL,540,0,0,640,1.10521
New Zealand,New Zealand,Asia + Pacific,Australia + New Zealand,NZ,NZL,554,1,1,644,114.919
Nicaragua,Nicaragua,Latin America + Caribbean,Meso America,NI,NIC,558,0,0,648,44.8101
Niger,Niger,Africa,Western Africa,NE,NER,562,0,0,652,50.5633
Nigeria,Nigeria,Africa,Western Africa,NG,NGA,566,0,0,656,704.125
Niue,New Zealand,Asia + Pacific,South Pacific,NU,NIU,570,0,0,660,0.0044569
Norfolk Island,Australia,Asia + Pacific,South Pacific,NF,NFK,574,0,0,664,0.00851369
Northern Mariana Islands,United States of America,Asia + Pacific,South Pacific,MP,MNP,580,0,0,668,0.308461
Norway,Norway,Europe,Western Europe,NO,NOR,578,1,1,672,146.97
Occupied Palestinian Territory,Occupied Palestinian Territory,West Asia,Mashriq,PS,PSE,0,0,0,676,NULL
Oman,Oman,West Asia,Arabian Peninsula,OM,OMN,512,0,0,680,20.3984
Pakistan,Pakistan,Asia + Pacific,South Asia,PK,PAK,586,0,0,684,1013.4
Palau,Palau,Asia + Pacific,South Pacific,PW,PLW,585,0,0,688,0.106828
Panama,Panama,Latin America + Caribbean,Meso America,PA,PAN,591,0,0,692,32.1581
Papua New Guinea,Papua New Guinea,Asia + Pacific,South Pacific,PG,PNG,598,0,0,696,20.2591
Paraguay,Paraguay,Latin America + Caribbean,South America,PY,PRY,600,0,0,704,59.271
Peru,Peru,Latin America + Caribbean,South America,PE,PER,604,0,0,708,352.752
Philippines,Philippines,Asia + Pacific,South East Asia,PH,PHL,608,0,0,712,529.523
Pitcairn Island,United Kingdom of Great Britain and Northern Ireland,Asia + Pacific,South Pacific,PN,PCN,612,0,0,716,NULL
Poland,Poland,Europe,Central Europe,PL,POL,616,1,1,720,394.19
Portugal,Portugal,Europe,Western Europe,PT,PRT,620,1,1,724,129.626
Puerto Rico,United States of America,Latin America + Caribbean,Caribbean,PR,PRI,630,0,0,728,58.4794
Qatar,Qatar,West Asia,Arabian Peninsula,QA,QAT,634,0,0,732,8.49472
Republic of Korea,Republic of Korea,Asia + Pacific,North East Asia,KR,KOR,410,1,1,736,651.377
Réunion,France,Africa,Western Indian Ocean,RE,REU,638,0,0,740,6.43012
Romania,Romania,Europe,Central Europe,RO,ROU,642,0,0,744,184.207
Russian Federation,Russian Federation,Europe,Eastern Europe,RU,RUS,643,0,0,748,2658.17
Rwanda,Rwanda,Africa,Eastern Africa,RW,RWA,646,0,0,752,31.5273
Saint Helena,United Kingdom of Great Britain and Northern Ireland,Africa,Southern Africa,SH,SHN,654,0,0,756,0.0488448
Saint Kitts and Nevis,Saint Kitts and Nevis,Latin America + Caribbean,Caribbean,KN,KNA,659,0,0,760,0.409641
Saint Lucia,Saint Lucia,Latin America + Caribbean,Caribbean,LC,LCA,662,0,0,764,1.4167
Saint Pierre and Miquelon,France,North America,North America,PM,SPM,666,0,0,768,0.020708
Saint Vincent and the Grenadines,Saint Vincent and the Grenadines,Latin America + Caribbean,Caribbean,VC,VCT,670,0,0,772,1.1273
Samoa,Samoa,Asia + Pacific,South Pacific,WS,WSM,882,0,0,776,0.202161
San Marino,San Marino,Europe,Western Europe,SM,SMR,674,0,0,780,0.208592
Sao Tome and Principe,Sao Tome and Principe,Africa,Central Africa,ST,STP,678,0,0,784,0.897127
Saudi Arabia,Saudi Arabia,West Asia,Arabian Peninsula,SA,SAU,682,0,0,788,179.241
Senegal,Senegal,Africa,Western Africa,SN,SEN,686,0,0,792,57.2312
Serbia,Serbia,Europe,Central Europe,RS,SRB,688,0,0,794,NULL
Seychelles,Seychelles,Africa,Western Indian Ocean,SC,SYC,690,0,0,796,0.614348
Sierra Leone,Sierra Leone,Africa,Western Africa,SL,SLE,694,0,0,800,24.5527
Singapore,Singapore,Asia + Pacific,South East Asia,SG,SGP,702,1,0,804,38.2236
Slovakia,Slovakia,Europe,Central Europe,SK,SVK,703,1,1,808,59.5607
Slovenia,Slovenia,Europe,Central Europe,SI,SVN,705,1,0,812,21.9149
Solomon Islands,Solomon Islands,Asia + Pacific,South Pacific,SB,SLB,90,0,0,816,1.80507
Somalia,Somalia,Africa,Eastern Africa,SO,SOM,706,0,0,820,55.8196
South Africa,South Africa,Africa,Southern Africa,ZA,ZAF,710,0,0,824,447.684
Spain,Spain,Europe,Western Europe,ES,ESP,724,1,1,832,710.571
Sri Lanka,Sri Lanka,Asia + Pacific,South Asia,LK,LKA,144,0,0,840,126.546
Sudan,Sudan,Africa,Northern Africa,SD,SDN,736,0,0,844,163.528
Suriname,Suriname,Latin America + Caribbean,South America,SR,SUR,740,0,0,848,4.41492
Svalbard and Jan Mayen Islands,Norway,Europe,Western Europe,SJ,SJM,744,0,0,852,0.00285643
Swaziland,Swaziland,Africa,Southern Africa,SZ,SWZ,748,0,0,856,22.1138
Sweden,Sweden,Europe,Western Europe,SE,SWE,752,1,1,860,170.635
Switzerland,Switzerland,Europe,Western Europe,CH,CHE,756,1,1,864,52.9693
Syrian Arab Republic,Syrian Arab Republic,West Asia,Mashriq,SY,SYR,760,0,0,868,116.225
Tajikistan,Tajikistan,Asia + Pacific,Central Asia,TJ,TJK,762,0,0,876,32.2284
Thailand,Thailand,Asia + Pacific,South East Asia,TH,THA,764,0,0,880,432.066
The former Yugoslav Republic of Macedonia,The former Yugoslav Republic of Macedonia,Europe,Central Europe,MK,MKD,807,0,0,884,15.2098
Timor-Leste,Timor-Leste,Asia + Pacific,South East Asia,TL,TLS,626,0,0,886,NULL
Togo,Togo,Africa,Western Africa,TG,TGO,768,0,0,888,25.5146
Tokelau,New Zealand,Asia + Pacific,South Pacific,TK,TKL,772,0,0,892,0.00852
Tonga,Tonga,Asia + Pacific,South Pacific,TO,TON,776,0,0,896,0.431622
Trinidad and Tobago,Trinidad and Tobago,Latin America + Caribbean,Caribbean,TT,TTO,780,0,0,900,37.5066
Tunisia,Tunisia,Africa,Northern Africa,TN,TUN,788,0,0,904,68.1964
Turkey,Turkey,Europe,Central Europe,TR,TUR,792,0,1,908,290.382
Turkmenistan,Turkmenistan,Asia + Pacific,Central Asia,TM,TKM,795,0,0,912,29.5163
Turks and Caicos Islands,United Kingdom of Great Britain and Northern Ireland,Latin America + Caribbean,Caribbean,TC,TCA,796,0,0,916,0.235101
Tuvalu,Tuvalu,Asia + Pacific,South Pacific,TV,TUV,798,0,0,920,0.0394812
Uganda,Uganda,Africa,Eastern Africa,UG,UGA,800,0,0,924,100.507
Ukraine,Ukraine,Europe,Eastern Europe,UA,UKR,804,0,0,928,471.377
United Arab Emirates,United Arab Emirates,West Asia,Arabian Peninsula,AE,ARE,784,0,0,932,21.4758
United Kingdom of Great Britain and Northern Ireland,United Kingdom of Great Britain and Northern Ireland,Europe,Western Europe,GB,GBR,826,1,1,936,337.073
United Republic of Tanzania,United Republic of Tanzania,Africa,Southern Africa,TZ,TZA,834,0,0,940,168.494
United States of America,United States of America,North America,North America,US,USA,840,1,1,944,9782.22
United States Virgin Islands,United States of America,Latin America + Caribbean,Caribbean,VI,VIR,850,0,0,948,1.31759
Uruguay,Uruguay,Latin America + Caribbean,South America,UY,URY,858,0,0,952,65.5807
Uzbekistan,Uzbekistan,Asia + Pacific,Central Asia,UZ,UZB,860,0,0,956,150.775
Vanuatu,Vanuatu,Asia + Pacific,South Pacific,VU,VUT,548,0,0,960,0.811095
Venezuela Bolivarian Republic of,Venezuela Bolivarian Republic of,Latin America + Caribbean,South America,VE,VEN,862,0,0,964,452.99
Viet Nam,Viet Nam,Asia + Pacific,South East Asia,VN,VNM,704,0,0,968,521.904
Wake Island,United States of America,Asia + Pacific,South Pacific,,,0,0,0,972,NULL
Wallis and Futuna,France,Asia + Pacific,South Pacific,WF,WLF,876,0,0,976,0.05964
Western Sahara,Western Sahara,Africa,Northern Africa,EH,ESH,732,0,0,980,2.30619
Yemen,Yemen,West Asia,Arabian Peninsula,YE,YEM,887,0,0,984,118.643
Zambia,Zambia,Africa,Southern Africa,ZM,ZMB,894,0,0,992,54.3548
Zimbabwe,Zimbabwe,Africa,Southern Africa,ZW,ZWE,716,0,0,996,70.7907