Variable: Protected Areas (Terrestrial and Marine Combined, IUCN Categories I-VI and not Classified) - Percent of Total Territorial Area
Units: Percent
Data Source: UNEP-WCMC
Provider: UNEP GEO Data Portal (http://geodata.grid.unep.ch/)
Country Name,Sovereign,GEO Region,GEO Subregion,ISO 2 Code,ISO 3 Code,UN Code,Developed,GEO ID,2010
Afghanistan,Afghanistan,Asia + Pacific,South Asia,AF,AFG,4,0,0,4,0.366882
Albania,Albania,Europe,Central Europe,AL,ALB,8,0,0,8,8.41884
Algeria,Algeria,Africa,Northern Africa,DZ,DZA,12,0,0,12,6.23625
American Samoa,United States of America,Asia + Pacific,South Pacific,AS,ASM,16,0,0,16,16.6907
Andorra,Andorra,Europe,Western Europe,AD,AND,20,0,0,20,6.11906
Angola,Angola,Africa,Southern Africa,AO,AGO,24,0,0,24,12.0592
Anguilla,United Kingdom of Great Britain and Northern Ireland,Latin America + Caribbean,Caribbean,AI,AIA,660,0,0,28,6.98081
Antarctic,Antarctic,Polar,Antarctic,ATA,AQ,0,0,0,32,NULL
Antigua and Barbuda,Antigua and Barbuda,Latin America + Caribbean,Caribbean,AG,ATG,28,0,0,36,0.984432
Argentina,Argentina,Latin America + Caribbean,South America,AR,ARG,32,0,0,40,5.25407
Armenia,Armenia,Europe,Eastern Europe,AM,ARM,51,0,0,44,7.9916
Aruba,Netherlands,Latin America + Caribbean,Caribbean,AW,ABW,533,0,0,48,0.00672114
Australia,Australia,Asia + Pacific,Australia + New Zealand,AU,AUS,36,1,1,52,12.4675
Austria,Austria,Europe,Western Europe,AT,AUT,40,1,1,56,22.9314
Azerbaijan,Azerbaijan,Europe,Eastern Europe,AZ,AZE,31,0,0,60,7.14947
Bahamas,Bahamas,Latin America + Caribbean,Caribbean,BS,BHS,44,0,0,64,1.00558
Bahrain,Bahrain,West Asia,Arabian Peninsula,BH,BHR,48,0,0,68,0.735357
Bangladesh,Bangladesh,Asia + Pacific,South Asia,BD,BGD,50,0,0,76,1.58863
Barbados,Barbados,Latin America + Caribbean,Caribbean,BB,BRB,52,0,0,80,0.0717098
Belarus,Belarus,Europe,Eastern Europe,BY,BLR,112,0,0,84,7.22126
Belgium,Belgium,Europe,Western Europe,BE,BEL,56,1,1,88,13.1611
Belize,Belize,Latin America + Caribbean,Meso America,BZ,BLZ,84,0,0,92,20.5889
Benin,Benin,Africa,Western Africa,BJ,BEN,204,0,0,96,23.273
Bermuda,United Kingdom of Great Britain and Northern Ireland,Latin America + Caribbean,Caribbean,BM,BMU,60,0,0,100,5.05141
Bhutan,Bhutan,Asia + Pacific,South Asia,BT,BTN,64,0,0,104,28.3473
Bolivia,Bolivia,Latin America + Caribbean,South America,BO,BOL,68,0,0,108,18.5071
Bosnia and Herzegovina,Bosnia and Herzegovina,Europe,Central Europe,BA,BIH,70,0,0,112,0.580002
Botswana,Botswana,Africa,Southern Africa,BW,BWA,72,0,0,116,30.9337
Brazil,Brazil,Latin America + Caribbean,South America,BR,BRA,76,0,0,124,25.9952
British Virgin Islands,United Kingdom of Great Britain and Northern Ireland,Latin America + Caribbean,Caribbean,VG,VGB,92,0,0,132,2.08539
Brunei Darussalam,Brunei Darussalam,Asia + Pacific,South East Asia,BN,BRN,96,0,0,136,29.5756
Bulgaria,Bulgaria,Europe,Central Europe,BG,BGR,100,0,0,140,8.85248
Burkina Faso,Burkina Faso,Africa,Western Africa,BF,BFA,854,0,0,144,14.2435
Burundi,Burundi,Africa,Eastern Africa,BI,BDI,108,0,0,148,4.84938
Cambodia,Cambodia,Asia + Pacific,South East Asia,KH,KHM,116,0,0,152,23.3549
Cameroon,Cameroon,Africa,Central Africa,CM,CMR,120,0,0,156,9.00102
Canada,Canada,North America,North America,CA,CAN,124,1,1,160,6.17447
Cape Verde,Cape Verde,Africa,Western Africa,CV,CPV,132,0,0,164,0.160097
Cayman Islands,United Kingdom of Great Britain and Northern Ireland,Latin America + Caribbean,Caribbean,KY,CYM,136,0,0,168,1.5335
Central African Republic,Central African Republic,Africa,Central Africa,CF,CAF,140,0,0,172,17.7443
Chad,Chad,Africa,Central Africa,TD,TCD,148,0,0,176,9.38582
Chile,Chile,Latin America + Caribbean,South America,CL,CHL,152,0,1,180,13.27
China,China,Asia + Pacific,North East Asia,CN,CHN,156,0,0,184,16.0431
Christmas Island,Australia,Asia + Pacific,South East Asia,CX,CXR,0,0,0,188,2.81333
Cocos (Keeling) Islands,Australia,Asia + Pacific,South Pacific,CC,CCK,0,0,0,192,NULL
Colombia,Colombia,Latin America + Caribbean,South America,CO,COL,170,0,0,196,20.5305
Comoros,Comoros,Africa,Western Indian Ocean,KM,COM,174,0,0,200,NULL
Congo,Congo,Africa,Central Africa,CG,COG,178,0,0,204,9.68204
Cook Islands,New Zealand,Asia + Pacific,South Pacific,CK,COK,184,0,0,208,0.0470949
Costa Rica,Costa Rica,Latin America + Caribbean,Meso America,CR,CRI,188,0,0,212,17.6424
Côte d'Ivoire,Côte d'Ivoire,Africa,Western Africa,CI,CIV,384,0,0,216,21.8175
Croatia,Croatia,Europe,Central Europe,HR,HRV,191,0,0,220,9.54939
Cuba,Cuba,Latin America + Caribbean,Caribbean,CU,CUB,192,0,0,224,5.34746
Cyprus,Cyprus,Europe,Central Europe,CY,CYP,196,1,0,228,4.53783
Czech Republic,Czech Republic,Europe,Central Europe,CZ,CZE,203,1,1,232,15.0542
Democratic People's Republic of Korea,Democratic People's Republic of Korea,Asia + Pacific,North East Asia,KP,PRK,408,0,0,236,3.91982
Democratic Republic of the Congo,Democratic Republic of the Congo,Africa,Central Africa,CD,COD,180,0,0,240,9.98579
Denmark,Denmark,Europe,Western Europe,DK,DNK,208,1,1,244,4.07521
Djibouti,Djibouti,Africa,Eastern Africa,DJ,DJI,262,0,0,248,0.0462005
Dominica,Dominica,Latin America + Caribbean,Caribbean,DM,DMA,212,0,0,252,3.69527
Dominican Republic,Dominican Republic,Latin America + Caribbean,Caribbean,DO,DOM,214,0,0,256,24.0638
Ecuador,Ecuador,Latin America + Caribbean,South America,EC,ECU,218,0,0,260,37.9834
Egypt,Egypt,Africa,Northern Africa,EG,EGY,818,0,0,264,6.08366
El Salvador,El Salvador,Latin America + Caribbean,Meso America,SV,SLV,222,0,0,268,1.37921
Equatorial Guinea,Equatorial Guinea,Africa,Central Africa,GQ,GNQ,226,0,0,272,14.0209
Eritrea,Eritrea,Africa,Eastern Africa,ER,ERI,232,0,0,276,3.75243
Estonia,Estonia,Europe,Central Europe,EE,EST,233,0,1,280,22.5624
Ethiopia,Ethiopia,Africa,Eastern Africa,ET,ETH,231,0,0,284,18.3984
Falkland Islands (Malvinas),United Kingdom of Great Britain and Northern Ireland,Latin America + Caribbean,South America,FK,FLK,238,0,0,288,0.24018
Faroe Islands,Denmark,Europe,Western Europe,FO,FRO,234,0,0,292,NULL
Fiji,Fiji,Asia + Pacific,South Pacific,FJ,FJI,242,0,0,296,0.175546
Finland,Finland,Europe,Western Europe,FI,FIN,246,1,1,300,8.48929
France,France,Europe,Western Europe,FR,FRA,250,1,1,304,17.1016
French Guiana,France,Latin America + Caribbean,South America,GF,GUF,254,0,0,308,43.6945
French Polynesia,France,Asia + Pacific,South Pacific,PF,PYF,258,0,0,312,0.0658375
Gabon,Gabon,Africa,Central Africa,GA,GAB,266,0,0,320,14.5805
Gambia,Gambia,Africa,Western Africa,GM,GMB,270,0,0,324,1.27205
Georgia,Georgia,Europe,Eastern Europe,GE,GEO,268,0,0,328,3.38913
Germany,Germany,Europe,Western Europe,DE,DEU,276,1,1,332,42.2907
Ghana,Ghana,Africa,Western Africa,GH,GHA,288,0,0,336,13.9571
Gibraltar,United Kingdom of Great Britain and Northern Ireland,Europe,Western Europe,GI,GIB,292,0,0,340,0.106843
Greece,Greece,Europe,Western Europe,GR,GRC,300,1,1,348,9.89929
Greenland,Denmark,Polar,Arctic,GL,GRL,0,0,0,352,40.0699
Grenada,Grenada,Latin America + Caribbean,Caribbean,GD,GRD,308,0,0,356,0.146177
Guadeloupe,France,Latin America + Caribbean,Caribbean,GP,GLP,312,0,0,360,3.09818
Guam,United States of America,Asia + Pacific,South Pacific,GU,GUM,316,0,0,364,3.56176
Guatemala,Guatemala,Latin America + Caribbean,Meso America,GT,GTM,320,0,0,368,29.5094
Guernsey,United Kingdom of Great Britain and Northern Ireland,Europe,Western Europe,GG,GGY,831,0,0,372,NULL
Guinea,Guinea,Africa,Western Africa,GN,GIN,324,0,0,376,6.42071
Guinea-Bissau,Guinea-Bissau,Africa,Western Africa,GW,GNB,624,0,0,380,26.9306
Guyana,Guyana,Latin America + Caribbean,South America,GY,GUY,328,0,0,384,4.76467
Haiti,Haiti,Latin America + Caribbean,Caribbean,HT,HTI,332,0,0,388,0.109044
Holy See,Holy See,Europe,Western Europe,VA,VAT,336,0,0,396,NULL
Honduras,Honduras,Latin America + Caribbean,Meso America,HN,HND,340,0,0,400,13.8618
Hungary,Hungary,Europe,Central Europe,HU,HUN,348,0,1,408,5.14244
Iceland,Iceland,Europe,Western Europe,IS,ISL,352,1,1,412,13.1758
India,India,Asia + Pacific,South Asia,IN,IND,356,0,0,416,4.82232
Indonesia,Indonesia,Asia + Pacific,South East Asia,ID,IDN,360,0,0,420,6.42172
Iran (Islamic Republic of),Iran (Islamic Republic of),Asia + Pacific,South Asia,IR,IRN,364,0,0,424,6.87337
Iraq,Iraq,West Asia,Mashriq,IQ,IRQ,368,0,0,428,0.0529302
Ireland,Ireland,Europe,Western Europe,IE,IRL,372,1,1,432,1.20656
Isle of Man,United Kingdom of Great Britain and Northern Ireland,Europe,Western Europe,,IMY,833,0,0,436,NULL
Israel,Israel,Europe,Western Europe,IL,ISR,376,1,1,440,15.0784
Italy,Italy,Europe,Western Europe,IT,ITA,380,1,1,444,15.8648
Jamaica,Jamaica,Latin America + Caribbean,Caribbean,JM,JAM,388,0,0,448,7.33644
Japan,Japan,Asia + Pacific,North East Asia,JP,JPN,392,1,1,452,10.9142
Jersey,United Kingdom of Great Britain and Northern Ireland,Europe,Western Europe,JE,JEY,832,0,0,460,NULL
Johnston Atoll,United States of America,Asia + Pacific,South Pacific,,,0,0,0,464,NULL
Jordan,Jordan,West Asia,Mashriq,JO,JOR,400,0,0,468,1.93859
Kazakhstan,Kazakhstan,Asia + Pacific,Central Asia,KZ,KAZ,398,0,0,476,2.52056
Kenya,Kenya,Africa,Eastern Africa,KE,KEN,404,0,0,480,11.7279
Kiribati,Kiribati,Asia + Pacific,South Pacific,KI,KIR,296,0,0,484,22.6285
Kuwait,Kuwait,West Asia,Arabian Peninsula,KW,KWT,414,0,0,488,1.11238
Kyrgyzstan,Kyrgyzstan,Asia + Pacific,Central Asia,KG,KGZ,417,0,0,492,6.94168
Lao People's Democratic Republic,Lao People's Democratic Republic,Asia + Pacific,South East Asia,LA,LAO,418,0,0,496,16.618
Latvia,Latvia,Europe,Central Europe,LV,LVA,428,0,0,500,16.3839
Lebanon,Lebanon,West Asia,Mashriq,LB,LBN,422,0,0,504,0.360775
Lesotho,Lesotho,Africa,Southern Africa,LS,LSO,426,0,0,508,0.485358
Liberia,Liberia,Africa,Western Africa,LR,LBR,430,0,0,512,1.56523
Libyan Arab Jamahiriya,Libyan Arab Jamahiriya,Africa,Northern Africa,LY,LBY,434,0,0,516,0.10978
Liechtenstein,Liechtenstein,Europe,Western Europe,LI,LIE,438,0,0,520,42.4498
Lithuania,Lithuania,Europe,Central Europe,LT,LTU,440,0,0,524,14.3978
Luxembourg,Luxembourg,Europe,Western Europe,LU,LUX,442,1,1,528,20.0465
Madagascar,Madagascar,Africa,Western Indian Ocean,MG,MDG,450,0,0,536,2.54427
Malawi,Malawi,Africa,Southern Africa,MW,MWI,454,0,0,540,15.0176
Malaysia,Malaysia,Asia + Pacific,South East Asia,MY,MYS,458,0,0,544,13.6748
Maldives,Maldives,Asia + Pacific,South Asia,MV,MDV,462,0,0,548,NULL
Mali,Mali,Africa,Western Africa,ML,MLI,466,0,0,552,2.43392
Malta,Malta,Europe,Western Europe,MT,MLT,470,1,0,556,1.66518
Marshall Islands,Marshall Islands,Asia + Pacific,South Pacific,MH,MHL,584,0,0,560,0.620296
Martinique,France,Latin America + Caribbean,Caribbean,MQ,MTQ,474,0,0,564,10.2807
Mauritania,Mauritania,Africa,Western Africa,MR,MRT,478,0,0,568,1.13209
Mauritius,Mauritius,Africa,Western Indian Ocean,MU,MUS,480,0,0,572,0.7167
Mayotte,France,Africa,Western Indian Ocean,YT,MYT,0,0,0,576,1.00499
Mexico,Mexico,Latin America + Caribbean,Meso America,MX,MEX,484,0,1,580,11.8562
Micronesia (Federated States of),Micronesia (Federated States of),Asia + Pacific,South Pacific,FM,FSM,583,0,0,584,0.0912436
Midway Islands,United States of America,Asia + Pacific,South Pacific,,,0,0,0,588,NULL
Moldova,Moldova,Europe,Eastern Europe,MD,MDA,498,0,0,592,1.37568
Monaco,Monaco,Europe,Western Europe,MC,MCO,492,0,0,596,98.1106
Mongolia,Mongolia,Asia + Pacific,North East Asia,MN,MNG,496,0,0,600,13.3862
Montenegro,Montenegro,Europe,Central Europe,ME,MNE,499,0,0,602,11.4752
Montserrat,United Kingdom of Great Britain and Northern Ireland,Latin America + Caribbean,Caribbean,MS,MSR,500,0,0,604,2.44512
Morocco,Morocco,Africa,Northern Africa,MA,MAR,504,0,0,608,1.52968
Mozambique,Mozambique,Africa,Southern Africa,MZ,MOZ,508,0,0,612,14.8069
Myanmar,Myanmar,Asia + Pacific,South East Asia,MM,MMR,104,0,0,616,5.2218
Namibia,Namibia,Africa,Southern Africa,NA,NAM,516,0,0,620,14.6784
Nauru,Nauru,Asia + Pacific,South Pacific,NR,NRU,520,0,0,624,NULL
Nepal,Nepal,Asia + Pacific,South Asia,NP,NPL,524,0,0,628,16.9979
Netherlands,Netherlands,Europe,Western Europe,NL,NLD,528,1,1,632,15.1554
Netherlands Antilles,Netherlands,Latin America + Caribbean,Caribbean,AN,ANT,530,0,0,636,1.41915
New Caledonia,France,Asia + Pacific,South Pacific,NC,NCL,540,0,0,640,23.9074
New Zealand,New Zealand,Asia + Pacific,Australia + New Zealand,NZ,NZL,554,1,1,644,20.0228
Nicaragua,Nicaragua,Latin America + Caribbean,Meso America,NI,NIC,558,0,0,648,36.8416
Niger,Niger,Africa,Western Africa,NE,NER,562,0,0,652,7.06932
Nigeria,Nigeria,Africa,Western Africa,NG,NGA,566,0,0,656,12.587
Niue,New Zealand,Asia + Pacific,South Pacific,NU,NIU,570,0,0,660,1.85683
Norfolk Island,Australia,Asia + Pacific,South Pacific,NF,NFK,574,0,0,664,0.414832
Northern Mariana Islands,United States of America,Asia + Pacific,South Pacific,MP,MNP,580,0,0,668,28.4326
Norway,Norway,Europe,Western Europe,NO,NOR,578,1,1,672,10.8552
Occupied Palestinian Territory,Occupied Palestinian Territory,West Asia,Mashriq,PS,PSE,0,0,0,676,0.639285
Oman,Oman,West Asia,Arabian Peninsula,OM,OMN,512,0,0,680,9.31386
Pakistan,Pakistan,Asia + Pacific,South Asia,PK,PAK,586,0,0,684,9.8102
Palau,Palau,Asia + Pacific,South Pacific,PW,PLW,585,0,0,688,4.79588
Panama,Panama,Latin America + Caribbean,Meso America,PA,PAN,591,0,0,692,11.4916
Papua New Guinea,Papua New Guinea,Asia + Pacific,South Pacific,PG,PNG,598,0,0,696,1.37106
Paraguay,Paraguay,Latin America + Caribbean,South America,PY,PRY,600,0,0,704,5.44486
Peru,Peru,Latin America + Caribbean,South America,PE,PER,604,0,0,708,13.081
Philippines,Philippines,Asia + Pacific,South East Asia,PH,PHL,608,0,0,712,5.03399
Pitcairn Island,United Kingdom of Great Britain and Northern Ireland,Asia + Pacific,South Pacific,PN,PCN,612,0,0,716,NULL
Poland,Poland,Europe,Central Europe,PL,POL,616,1,1,720,21.8138
Portugal,Portugal,Europe,Western Europe,PT,PRT,620,1,1,724,6.12668
Puerto Rico,United States of America,Latin America + Caribbean,Caribbean,PR,PRI,630,0,0,728,4.44569
Qatar,Qatar,West Asia,Arabian Peninsula,QA,QAT,634,0,0,732,1.38973
Republic of Korea,Republic of Korea,Asia + Pacific,North East Asia,KR,KOR,410,1,1,736,2.96025
Réunion,France,Africa,Western Indian Ocean,RE,REU,638,0,0,740,23.4822
Romania,Romania,Europe,Central Europe,RO,ROU,642,0,0,744,7.75379
Russian Federation,Russian Federation,Europe,Eastern Europe,RU,RUS,643,0,0,748,9.19299
Rwanda,Rwanda,Africa,Eastern Africa,RW,RWA,646,0,0,752,9.98649
Saint Helena,United Kingdom of Great Britain and Northern Ireland,Africa,Southern Africa,SH,SHN,654,0,0,756,0.424104
Saint Kitts and Nevis,Saint Kitts and Nevis,Latin America + Caribbean,Caribbean,KN,KNA,659,0,0,760,0.768562
Saint Lucia,Saint Lucia,Latin America + Caribbean,Caribbean,LC,LCA,662,0,0,764,2.04034
Saint Pierre and Miquelon,France,North America,North America,PM,SPM,666,0,0,768,3.48682
Saint Vincent and the Grenadines,Saint Vincent and the Grenadines,Latin America + Caribbean,Caribbean,VC,VCT,670,0,0,772,1.23084
Samoa,Samoa,Asia + Pacific,South Pacific,WS,WSM,882,0,0,776,1.18059
San Marino,San Marino,Europe,Western Europe,SM,SMR,674,0,0,780,NULL
Sao Tome and Principe,Sao Tome and Principe,Africa,Central Africa,ST,STP,678,0,0,784,NULL
Saudi Arabia,Saudi Arabia,West Asia,Arabian Peninsula,SA,SAU,682,0,0,788,29.9483
Senegal,Senegal,Africa,Western Africa,SN,SEN,686,0,0,792,23.4647
Serbia,Serbia,Europe,Central Europe,RS,SRB,688,0,0,794,5.96667
Seychelles,Seychelles,Africa,Western Indian Ocean,SC,SYC,690,0,0,796,0.917073
Sierra Leone,Sierra Leone,Africa,Western Africa,SL,SLE,694,0,0,800,4.29738
Singapore,Singapore,Asia + Pacific,South East Asia,SG,SGP,702,1,0,804,3.39581
Slovakia,Slovakia,Europe,Central Europe,SK,SVK,703,1,1,808,23.1847
Slovenia,Slovenia,Europe,Central Europe,SI,SVN,705,1,0,812,13.0665
Solomon Islands,Solomon Islands,Asia + Pacific,South Pacific,SB,SLB,90,0,0,816,0.120807
Somalia,Somalia,Africa,Eastern Africa,SO,SOM,706,0,0,820,0.526545
South Africa,South Africa,Africa,Southern Africa,ZA,ZAF,710,0,0,824,6.87822
Spain,Spain,Europe,Western Europe,ES,ESP,724,1,1,832,7.63251
Sri Lanka,Sri Lanka,Asia + Pacific,South Asia,LK,LKA,144,0,0,840,14.9535
Sudan,Sudan,Africa,Northern Africa,SD,SDN,736,0,0,844,4.17854
Suriname,Suriname,Latin America + Caribbean,South America,SR,SUR,740,0,0,848,12.1913
Svalbard and Jan Mayen Islands,Norway,Europe,Western Europe,SJ,SJM,744,0,0,852,50.1625
Swaziland,Swaziland,Africa,Southern Africa,SZ,SWZ,748,0,0,856,3.01851
Sweden,Sweden,Europe,Western Europe,SE,SWE,752,1,1,860,10.0235
Switzerland,Switzerland,Europe,Western Europe,CH,CHE,756,1,1,864,24.8503
Syrian Arab Republic,Syrian Arab Republic,West Asia,Mashriq,SY,SYR,760,0,0,868,0.637846
Tajikistan,Tajikistan,Asia + Pacific,Central Asia,TJ,TJK,762,0,0,876,4.13683
Thailand,Thailand,Asia + Pacific,South East Asia,TH,THA,764,0,0,880,17.3421
The former Yugoslav Republic of Macedonia,The former Yugoslav Republic of Macedonia,Europe,Central Europe,MK,MKD,807,0,0,884,4.87296
Timor-Leste,Timor-Leste,Asia + Pacific,South East Asia,TL,TLS,626,0,0,886,6.35869
Togo,Togo,Africa,Western Africa,TG,TGO,768,0,0,888,11.0441
Tokelau,New Zealand,Asia + Pacific,South Pacific,TK,TKL,772,0,0,892,0.146227
Tonga,Tonga,Asia + Pacific,South Pacific,TO,TON,776,0,0,896,9.41658
Trinidad and Tobago,Trinidad and Tobago,Latin America + Caribbean,Caribbean,TT,TTO,780,0,0,900,9.59856
Tunisia,Tunisia,Africa,Northern Africa,TN,TUN,788,0,0,904,1.27213
Turkey,Turkey,Europe,Central Europe,TR,TUR,792,0,1,908,1.94108
Turkmenistan,Turkmenistan,Asia + Pacific,Central Asia,TM,TKM,795,0,0,912,2.98631
Turks and Caicos Islands,United Kingdom of Great Britain and Northern Ireland,Latin America + Caribbean,Caribbean,TC,TCA,796,0,0,916,3.49226
Tuvalu,Tuvalu,Asia + Pacific,South Pacific,TV,TUV,798,0,0,920,0.189388
Uganda,Uganda,Africa,Eastern Africa,UG,UGA,800,0,0,924,10.2607
Ukraine,Ukraine,Europe,Eastern Europe,UA,UKR,804,0,0,928,3.60115
United Arab Emirates,United Arab Emirates,West Asia,Arabian Peninsula,AE,ARE,784,0,0,932,4.70851
United Kingdom of Great Britain and Northern Ireland,United Kingdom of Great Britain and Northern Ireland,Europe,Western Europe,GB,GBR,826,1,1,936,18.0591
United Republic of Tanzania,United Republic of Tanzania,Africa,Southern Africa,TZ,TZA,834,0,0,940,26.8779
United States of America,United States of America,North America,North America,US,USA,840,1,1,944,13.6609
United States Virgin Islands,United States of America,Latin America + Caribbean,Caribbean,VI,VIR,850,0,0,948,1.50429
Uruguay,Uruguay,Latin America + Caribbean,South America,UY,URY,858,0,0,952,0.267617
Uzbekistan,Uzbekistan,Asia + Pacific,Central Asia,UZ,UZB,860,0,0,956,2.25775
Vanuatu,Vanuatu,Asia + Pacific,South Pacific,VU,VUT,548,0,0,960,0.467553
Venezuela Bolivarian Republic of,Venezuela Bolivarian Republic of,Latin America + Caribbean,South America,VE,VEN,862,0,0,964,50.1858
Viet Nam,Viet Nam,Asia + Pacific,South East Asia,VN,VNM,704,0,0,968,4.57398
Wake Island,United States of America,Asia + Pacific,South Pacific,,,0,0,0,972,NULL
Wallis and Futuna,France,Asia + Pacific,South Pacific,WF,WLF,876,0,0,976,0.00495911
Western Sahara,Western Sahara,Africa,Northern Africa,EH,ESH,732,0,0,980,6.4946
Yemen,Yemen,West Asia,Arabian Peninsula,YE,YEM,887,0,0,984,0.688288
Zambia,Zambia,Africa,Southern Africa,ZM,ZMB,894,0,0,992,36.0446
Zimbabwe,Zimbabwe,Africa,Southern Africa,ZW,ZWE,716,0,0,996,28.0087