Variable: Emissions of CH4 - from Agriculture (Model Estimations, RIVM-MNP)
Units: Gigagrams of CH4
Data Source: RIVM-MNP
Provider: UNEP GEO Data Portal (http://geodata.grid.unep.ch/)
Country Name,Sovereign,GEO Region,GEO Subregion,ISO 2 Code,ISO 3 Code,UN Code,Developed,GEO ID,2000
Afghanistan,Afghanistan,Asia + Pacific,South Asia,AF,AFG,4,0,0,4,209.975
Albania,Albania,Europe,Central Europe,AL,ALB,8,0,0,8,80.5092
Algeria,Algeria,Africa,Northern Africa,DZ,DZA,12,0,0,12,178.343
American Samoa,United States of America,Asia + Pacific,South Pacific,AS,ASM,16,0,0,16,0.23603
Andorra,Andorra,Europe,Western Europe,AD,AND,20,0,0,20,0
Angola,Angola,Africa,Southern Africa,AO,AGO,24,0,0,24,685.731
Anguilla,United Kingdom of Great Britain and Northern Ireland,Latin America + Caribbean,Caribbean,AI,AIA,660,0,0,28,0
Antarctic,Antarctic,Polar,Antarctic,ATA,AQ,0,0,0,32,NULL
Antigua and Barbuda,Antigua and Barbuda,Latin America + Caribbean,Caribbean,AG,ATG,28,0,0,36,0.993709
Argentina,Argentina,Latin America + Caribbean,South America,AR,ARG,32,0,0,40,2755.38
Armenia,Armenia,Europe,Eastern Europe,AM,ARM,51,0,0,44,46.4797
Aruba,Netherlands,Latin America + Caribbean,Caribbean,AW,ABW,533,0,0,48,0
Australia,Australia,Asia + Pacific,Australia + New Zealand,AU,AUS,36,1,1,52,3403.87
Austria,Austria,Europe,Western Europe,AT,AUT,40,1,1,56,182.111
Azerbaijan,Azerbaijan,Europe,Eastern Europe,AZ,AZE,31,0,0,60,207.278
Bahamas,Bahamas,Latin America + Caribbean,Caribbean,BS,BHS,44,0,0,64,0.196616
Bahrain,Bahrain,West Asia,Arabian Peninsula,BH,BHR,48,0,0,68,0.610526
Bangladesh,Bangladesh,Asia + Pacific,South Asia,BD,BGD,50,0,0,76,3022.66
Barbados,Barbados,Latin America + Caribbean,Caribbean,BB,BRB,52,0,0,80,1.48904
Belarus,Belarus,Europe,Eastern Europe,BY,BLR,112,0,0,84,334.962
Belgium,Belgium,Europe,Western Europe,BE,BEL,56,1,1,88,243.805
Belize,Belize,Latin America + Caribbean,Meso America,BZ,BLZ,84,0,0,92,12.0502
Benin,Benin,Africa,Western Africa,BJ,BEN,204,0,0,96,96.7257
Bermuda,United Kingdom of Great Britain and Northern Ireland,Latin America + Caribbean,Caribbean,BM,BMU,60,0,0,100,43.8281
Bhutan,Bhutan,Asia + Pacific,South Asia,BT,BTN,64,0,0,104,16.1356
Bolivia,Bolivia,Latin America + Caribbean,South America,BO,BOL,68,0,0,108,439.961
Bosnia and Herzegovina,Bosnia and Herzegovina,Europe,Central Europe,BA,BIH,70,0,0,112,44.3807
Botswana,Botswana,Africa,Southern Africa,BW,BWA,72,0,0,116,137.071
Brazil,Brazil,Latin America + Caribbean,South America,BR,BRA,76,0,0,124,11471.7
British Virgin Islands,United Kingdom of Great Britain and Northern Ireland,Latin America + Caribbean,Caribbean,VG,VGB,92,0,0,132,0.21866
Brunei Darussalam,Brunei Darussalam,Asia + Pacific,South East Asia,BN,BRN,96,0,0,136,1.23933
Bulgaria,Bulgaria,Europe,Central Europe,BG,BGR,100,0,0,140,97.0779
Burkina Faso,Burkina Faso,Africa,Western Africa,BF,BFA,854,0,0,144,289.228
Burundi,Burundi,Africa,Eastern Africa,BI,BDI,108,0,0,148,27.5536
Cambodia,Cambodia,Asia + Pacific,South East Asia,KH,KHM,116,0,0,152,499.356
Cameroon,Cameroon,Africa,Central Africa,CM,CMR,120,0,0,156,398.108
Canada,Canada,North America,North America,CA,CAN,124,1,1,160,961.086
Cape Verde,Cape Verde,Africa,Western Africa,CV,CPV,132,0,0,164,1.68286
Cayman Islands,United Kingdom of Great Britain and Northern Ireland,Latin America + Caribbean,Caribbean,KY,CYM,136,0,0,168,0.07267
Central African Republic,Central African Republic,Africa,Central Africa,CF,CAF,140,0,0,172,602.626
Chad,Chad,Africa,Central Africa,TD,TCD,148,0,0,176,433.705
Chile,Chile,Latin America + Caribbean,South America,CL,CHL,152,0,1,180,270.648
China,China,Asia + Pacific,North East Asia,CN,CHN,156,0,0,184,22782.8
Christmas Island,Australia,Asia + Pacific,South East Asia,CX,CXR,0,0,0,188,0
Cocos (Keeling) Islands,Australia,Asia + Pacific,South Pacific,CC,CCK,0,0,0,192,0
Colombia,Colombia,Latin America + Caribbean,South America,CO,COL,170,0,0,196,1545.73
Comoros,Comoros,Africa,Western Indian Ocean,KM,COM,174,0,0,200,2.45029
Congo,Congo,Africa,Central Africa,CG,COG,178,0,0,204,32.5367
Cook Islands,New Zealand,Asia + Pacific,South Pacific,CK,COK,184,0,0,208,0.03273
Costa Rica,Costa Rica,Latin America + Caribbean,Meso America,CR,CRI,188,0,0,212,87.2823
Côte d'Ivoire,Côte d'Ivoire,Africa,Western Africa,CI,CIV,384,0,0,216,146.017
Croatia,Croatia,Europe,Central Europe,HR,HRV,191,0,0,220,47.7558
Cuba,Cuba,Latin America + Caribbean,Caribbean,CU,CUB,192,0,0,224,291.163
Cyprus,Cyprus,Europe,Central Europe,CY,CYP,196,1,0,228,7.52612
Czech Republic,Czech Republic,Europe,Central Europe,CZ,CZE,203,1,1,232,137.058
Democratic People's Republic of Korea,Democratic People's Republic of Korea,Asia + Pacific,North East Asia,KP,PRK,408,0,0,236,185.072
Democratic Republic of the Congo,Democratic Republic of the Congo,Africa,Central Africa,CD,COD,180,0,0,240,612.872
Denmark,Denmark,Europe,Western Europe,DK,DNK,208,1,1,244,191.474
Djibouti,Djibouti,Africa,Eastern Africa,DJ,DJI,262,0,0,248,18.389
Dominica,Dominica,Latin America + Caribbean,Caribbean,DM,DMA,212,0,0,252,0.92012
Dominican Republic,Dominican Republic,Latin America + Caribbean,Caribbean,DO,DOM,214,0,0,256,165.629
Ecuador,Ecuador,Latin America + Caribbean,South America,EC,ECU,218,0,0,260,323.548
Egypt,Egypt,Africa,Northern Africa,EG,EGY,818,0,0,264,585.785
El Salvador,El Salvador,Latin America + Caribbean,Meso America,SV,SLV,222,0,0,268,61.923
Equatorial Guinea,Equatorial Guinea,Africa,Central Africa,GQ,GNQ,226,0,0,272,0.449808
Eritrea,Eritrea,Africa,Eastern Africa,ER,ERI,232,0,0,276,97.7067
Estonia,Estonia,Europe,Central Europe,EE,EST,233,0,1,280,22.0487
Ethiopia,Ethiopia,Africa,Eastern Africa,ET,ETH,231,0,0,284,1543.54
Falkland Islands (Malvinas),United Kingdom of Great Britain and Northern Ireland,Latin America + Caribbean,South America,FK,FLK,238,0,0,288,3.86504
Faroe Islands,Denmark,Europe,Western Europe,FO,FRO,234,0,0,292,0.46492
Fiji,Fiji,Asia + Pacific,South Pacific,FJ,FJI,242,0,0,296,26.3011
Finland,Finland,Europe,Western Europe,FI,FIN,246,1,1,300,87.0568
France,France,Europe,Western Europe,FR,FRA,250,1,1,304,1543.27
French Guiana,France,Latin America + Caribbean,South America,GF,GUF,254,0,0,308,0.581893
French Polynesia,France,Asia + Pacific,South Pacific,PF,PYF,258,0,0,312,1.70608
Gabon,Gabon,Africa,Central Africa,GA,GAB,266,0,0,320,4.26348
Gambia,Gambia,Africa,Western Africa,GM,GMB,270,0,0,324,22.3685
Georgia,Georgia,Europe,Eastern Europe,GE,GEO,268,0,0,328,95.7243
Germany,Germany,Europe,Western Europe,DE,DEU,276,1,1,332,1218.14
Ghana,Ghana,Africa,Western Africa,GH,GHA,288,0,0,336,198.837
Gibraltar,United Kingdom of Great Britain and Northern Ireland,Europe,Western Europe,GI,GIB,292,0,0,340,0
Greece,Greece,Europe,Western Europe,GR,GRC,300,1,1,348,138.549
Greenland,Denmark,Polar,Arctic,GL,GRL,0,0,0,352,0.1
Grenada,Grenada,Latin America + Caribbean,Caribbean,GD,GRD,308,0,0,356,0.385729
Guadeloupe,France,Latin America + Caribbean,Caribbean,GP,GLP,312,0,0,360,4.49707
Guam,United States of America,Asia + Pacific,South Pacific,GU,GUM,316,0,0,364,0.145531
Guatemala,Guatemala,Latin America + Caribbean,Meso America,GT,GTM,320,0,0,368,180.675
Guernsey,United Kingdom of Great Britain and Northern Ireland,Europe,Western Europe,GG,GGY,831,0,0,372,NULL
Guinea,Guinea,Africa,Western Africa,GN,GIN,324,0,0,376,258.931
Guinea-Bissau,Guinea-Bissau,Africa,Western Africa,GW,GNB,624,0,0,380,41.5424
Guyana,Guyana,Latin America + Caribbean,South America,GY,GUY,328,0,0,384,47.8018
Haiti,Haiti,Latin America + Caribbean,Caribbean,HT,HTI,332,0,0,388,107.407
Holy See,Holy See,Europe,Western Europe,VA,VAT,336,0,0,396,0
Honduras,Honduras,Latin America + Caribbean,Meso America,HN,HND,340,0,0,400,144.231
Hungary,Hungary,Europe,Central Europe,HU,HUN,348,0,1,408,112.169
Iceland,Iceland,Europe,Western Europe,IS,ISL,352,1,1,412,9.63237
India,India,Asia + Pacific,South Asia,IN,IND,356,0,0,416,22552.4
Indonesia,Indonesia,Asia + Pacific,South East Asia,ID,IDN,360,0,0,420,4391.37
Iran (Islamic Republic of),Iran (Islamic Republic of),Asia + Pacific,South Asia,IR,IRN,364,0,0,424,937.555
Iraq,Iraq,West Asia,Mashriq,IQ,IRQ,368,0,0,428,68.7945
Ireland,Ireland,Europe,Western Europe,IE,IRL,372,1,1,432,56.708
Isle of Man,United Kingdom of Great Britain and Northern Ireland,Europe,Western Europe,,IMY,833,0,0,436,NULL
Israel,Israel,Europe,Western Europe,IL,ISR,376,1,1,440,22.3926
Italy,Italy,Europe,Western Europe,IT,ITA,380,1,1,444,744.572
Jamaica,Jamaica,Latin America + Caribbean,Caribbean,JM,JAM,388,0,0,448,24.1735
Japan,Japan,Asia + Pacific,North East Asia,JP,JPN,392,1,1,452,353.25
Jersey,United Kingdom of Great Britain and Northern Ireland,Europe,Western Europe,JE,JEY,832,0,0,460,NULL
Johnston Atoll,United States of America,Asia + Pacific,South Pacific,,,0,0,0,464,NULL
Jordan,Jordan,West Asia,Mashriq,JO,JOR,400,0,0,468,17.4088
Kazakhstan,Kazakhstan,Asia + Pacific,Central Asia,KZ,KAZ,398,0,0,476,395.23
Kenya,Kenya,Africa,Eastern Africa,KE,KEN,404,0,0,480,568.415
Kiribati,Kiribati,Asia + Pacific,South Pacific,KI,KIR,296,0,0,484,0.06767
Kuwait,Kuwait,West Asia,Arabian Peninsula,KW,KWT,414,0,0,488,5.91663
Kyrgyzstan,Kyrgyzstan,Asia + Pacific,Central Asia,KG,KGZ,417,0,0,492,109.239
Lao People's Democratic Republic,Lao People's Democratic Republic,Asia + Pacific,South East Asia,LA,LAO,418,0,0,496,321.578
Latvia,Latvia,Europe,Central Europe,LV,LVA,428,0,0,500,32.4929
Lebanon,Lebanon,West Asia,Mashriq,LB,LBN,422,0,0,504,7.45815
Lesotho,Lesotho,Africa,Southern Africa,LS,LSO,426,0,0,508,29.6458
Liberia,Liberia,Africa,Western Africa,LR,LBR,430,0,0,512,36.399
Libyan Arab Jamahiriya,Libyan Arab Jamahiriya,Africa,Northern Africa,LY,LBY,434,0,0,516,36.02
Liechtenstein,Liechtenstein,Europe,Western Europe,LI,LIE,438,0,0,520,0.52957
Lithuania,Lithuania,Europe,Central Europe,LT,LTU,440,0,0,524,74.8968
Luxembourg,Luxembourg,Europe,Western Europe,LU,LUX,442,1,1,528,0.18
Madagascar,Madagascar,Africa,Western Indian Ocean,MG,MDG,450,0,0,536,705.778
Malawi,Malawi,Africa,Southern Africa,MW,MWI,454,0,0,540,82.2899
Malaysia,Malaysia,Asia + Pacific,South East Asia,MY,MYS,458,0,0,544,265.117
Maldives,Maldives,Asia + Pacific,South Asia,MV,MDV,462,0,0,548,0
Mali,Mali,Africa,Western Africa,ML,MLI,466,0,0,552,399.052
Malta,Malta,Europe,Western Europe,MT,MLT,470,1,0,556,2.01044
Marshall Islands,Marshall Islands,Asia + Pacific,South Pacific,MH,MHL,584,0,0,560,0
Martinique,France,Latin America + Caribbean,Caribbean,MQ,MTQ,474,0,0,564,1.97478
Mauritania,Mauritania,Africa,Western Africa,MR,MRT,478,0,0,568,192.696
Mauritius,Mauritius,Africa,Western Indian Ocean,MU,MUS,480,0,0,572,1.57166
Mayotte,France,Africa,Western Indian Ocean,YT,MYT,0,0,0,576,0
Mexico,Mexico,Latin America + Caribbean,Meso America,MX,MEX,484,0,1,580,2183.25
Micronesia (Federated States of),Micronesia (Federated States of),Asia + Pacific,South Pacific,FM,FSM,583,0,0,584,1.63541
Midway Islands,United States of America,Asia + Pacific,South Pacific,,,0,0,0,588,NULL
Moldova,Moldova,Europe,Eastern Europe,MD,MDA,498,0,0,592,48.1284
Monaco,Monaco,Europe,Western Europe,MC,MCO,492,0,0,596,0
Mongolia,Mongolia,Asia + Pacific,North East Asia,MN,MNG,496,0,0,600,401.732
Montenegro,Montenegro,Europe,Central Europe,ME,MNE,499,0,0,602,NULL
Montserrat,United Kingdom of Great Britain and Northern Ireland,Latin America + Caribbean,Caribbean,MS,MSR,500,0,0,604,0.56961
Morocco,Morocco,Africa,Northern Africa,MA,MAR,504,0,0,608,257.448
Mozambique,Mozambique,Africa,Southern Africa,MZ,MOZ,508,0,0,612,357.555
Myanmar,Myanmar,Asia + Pacific,South East Asia,MM,MMR,104,0,0,616,1953.89
Namibia,Namibia,Africa,Southern Africa,NA,NAM,516,0,0,620,155.15
Nauru,Nauru,Asia + Pacific,South Pacific,NR,NRU,520,0,0,624,0
Nepal,Nepal,Asia + Pacific,South Asia,NP,NPL,524,0,0,628,1383.19
Netherlands,Netherlands,Europe,Western Europe,NL,NLD,528,1,1,632,381.142
Netherlands Antilles,Netherlands,Latin America + Caribbean,Caribbean,AN,ANT,530,0,0,636,0.165275
New Caledonia,France,Asia + Pacific,South Pacific,NC,NCL,540,0,0,640,7.83276
New Zealand,New Zealand,Asia + Pacific,Australia + New Zealand,NZ,NZL,554,1,1,644,1010.72
Nicaragua,Nicaragua,Latin America + Caribbean,Meso America,NI,NIC,558,0,0,648,230.271
Niger,Niger,Africa,Western Africa,NE,NER,562,0,0,652,170.583
Nigeria,Nigeria,Africa,Western Africa,NG,NGA,566,0,0,656,1217.32
Niue,New Zealand,Asia + Pacific,South Pacific,NU,NIU,570,0,0,660,0.04536
Norfolk Island,Australia,Asia + Pacific,South Pacific,NF,NFK,574,0,0,664,0
Northern Mariana Islands,United States of America,Asia + Pacific,South Pacific,MP,MNP,580,0,0,668,0
Norway,Norway,Europe,Western Europe,NO,NOR,578,1,1,672,88.3684
Occupied Palestinian Territory,Occupied Palestinian Territory,West Asia,Mashriq,PS,PSE,0,0,0,676,NULL
Oman,Oman,West Asia,Arabian Peninsula,OM,OMN,512,0,0,680,23.4998
Pakistan,Pakistan,Asia + Pacific,South Asia,PK,PAK,586,0,0,684,3229.76
Palau,Palau,Asia + Pacific,South Pacific,PW,PLW,585,0,0,688,0
Panama,Panama,Latin America + Caribbean,Meso America,PA,PAN,591,0,0,692,90.7847
Papua New Guinea,Papua New Guinea,Asia + Pacific,South Pacific,PG,PNG,598,0,0,696,48.4188
Paraguay,Paraguay,Latin America + Caribbean,South America,PY,PRY,600,0,0,704,605.436
Peru,Peru,Latin America + Caribbean,South America,PE,PER,604,0,0,708,468.954
Philippines,Philippines,Asia + Pacific,South East Asia,PH,PHL,608,0,0,712,1423.09
Pitcairn Island,United Kingdom of Great Britain and Northern Ireland,Asia + Pacific,South Pacific,PN,PCN,612,0,0,716,NULL
Poland,Poland,Europe,Central Europe,PL,POL,616,1,1,720,580.416
Portugal,Portugal,Europe,Western Europe,PT,PRT,620,1,1,724,177.546
Puerto Rico,United States of America,Latin America + Caribbean,Caribbean,PR,PRI,630,0,0,728,21.8067
Qatar,Qatar,West Asia,Arabian Peninsula,QA,QAT,634,0,0,732,5.10478
Republic of Korea,Republic of Korea,Asia + Pacific,North East Asia,KR,KOR,410,1,1,736,453.67
Réunion,France,Africa,Western Indian Ocean,RE,REU,638,0,0,740,1.53323
Romania,Romania,Europe,Central Europe,RO,ROU,642,0,0,744,361.313
Russian Federation,Russian Federation,Europe,Eastern Europe,RU,RUS,643,0,0,748,2296.41
Rwanda,Rwanda,Africa,Eastern Africa,RW,RWA,646,0,0,752,41.1669
Saint Helena,United Kingdom of Great Britain and Northern Ireland,Africa,Southern Africa,SH,SHN,654,0,0,756,0.0432242
Saint Kitts and Nevis,Saint Kitts and Nevis,Latin America + Caribbean,Caribbean,KN,KNA,659,0,0,760,0.367998
Saint Lucia,Saint Lucia,Latin America + Caribbean,Caribbean,LC,LCA,662,0,0,764,1.00298
Saint Pierre and Miquelon,France,North America,North America,PM,SPM,666,0,0,768,0
Saint Vincent and the Grenadines,Saint Vincent and the Grenadines,Latin America + Caribbean,Caribbean,VC,VCT,670,0,0,772,0.53002
Samoa,Samoa,Asia + Pacific,South Pacific,WS,WSM,882,0,0,776,5.68904
San Marino,San Marino,Europe,Western Europe,SM,SMR,674,0,0,780,0
Sao Tome and Principe,Sao Tome and Principe,Africa,Central Africa,ST,STP,678,0,0,784,0.219055
Saudi Arabia,Saudi Arabia,West Asia,Arabian Peninsula,SA,SAU,682,0,0,788,50.0827
Senegal,Senegal,Africa,Western Africa,SN,SEN,686,0,0,792,224.567
Serbia,Serbia,Europe,Central Europe,RS,SRB,688,0,0,794,NULL
Seychelles,Seychelles,Africa,Western Indian Ocean,SC,SYC,690,0,0,796,0.112012
Sierra Leone,Sierra Leone,Africa,Western Africa,SL,SLE,694,0,0,800,78.515
Singapore,Singapore,Asia + Pacific,South East Asia,SG,SGP,702,1,0,804,3.01678
Slovakia,Slovakia,Europe,Central Europe,SK,SVK,703,1,1,808,60.9728
Slovenia,Slovenia,Europe,Central Europe,SI,SVN,705,1,0,812,39.0208
Solomon Islands,Solomon Islands,Asia + Pacific,South Pacific,SB,SLB,90,0,0,816,0.99297
Somalia,Somalia,Africa,Eastern Africa,SO,SOM,706,0,0,820,601.346
South Africa,South Africa,Africa,Southern Africa,ZA,ZAF,710,0,0,824,663.733
Spain,Spain,Europe,Western Europe,ES,ESP,724,1,1,832,770.263
Sri Lanka,Sri Lanka,Asia + Pacific,South Asia,LK,LKA,144,0,0,840,299.121
Sudan,Sudan,Africa,Northern Africa,SD,SDN,736,0,0,844,2286.92
Suriname,Suriname,Latin America + Caribbean,South America,SR,SUR,740,0,0,848,19.6307
Svalbard and Jan Mayen Islands,Norway,Europe,Western Europe,SJ,SJM,744,0,0,852,0
Swaziland,Swaziland,Africa,Southern Africa,SZ,SWZ,748,0,0,856,23.3246
Sweden,Sweden,Europe,Western Europe,SE,SWE,752,1,1,860,132.675
Switzerland,Switzerland,Europe,Western Europe,CH,CHE,756,1,1,864,138.228
Syrian Arab Republic,Syrian Arab Republic,West Asia,Mashriq,SY,SYR,760,0,0,868,120.144
Tajikistan,Tajikistan,Asia + Pacific,Central Asia,TJ,TJK,762,0,0,876,100.717
Thailand,Thailand,Asia + Pacific,South East Asia,TH,THA,764,0,0,880,2775.56
The former Yugoslav Republic of Macedonia,The former Yugoslav Republic of Macedonia,Europe,Central Europe,MK,MKD,807,0,0,884,33.1337
Timor-Leste,Timor-Leste,Asia + Pacific,South East Asia,TL,TLS,626,0,0,886,NULL
Togo,Togo,Africa,Western Africa,TG,TGO,768,0,0,888,65.4406
Tokelau,New Zealand,Asia + Pacific,South Pacific,TK,TKL,772,0,0,892,0.00268
Tonga,Tonga,Asia + Pacific,South Pacific,TO,TON,776,0,0,896,3.01452
Trinidad and Tobago,Trinidad and Tobago,Latin America + Caribbean,Caribbean,TT,TTO,780,0,0,900,2.18104
Tunisia,Tunisia,Africa,Northern Africa,TN,TUN,788,0,0,904,79.8798
Turkey,Turkey,Europe,Central Europe,TR,TUR,792,0,1,908,711.543
Turkmenistan,Turkmenistan,Asia + Pacific,Central Asia,TM,TKM,795,0,0,912,116.212
Turks and Caicos Islands,United Kingdom of Great Britain and Northern Ireland,Latin America + Caribbean,Caribbean,TC,TCA,796,0,0,916,0
Tuvalu,Tuvalu,Asia + Pacific,South Pacific,TV,TUV,798,0,0,920,0.00268
Uganda,Uganda,Africa,Eastern Africa,UG,UGA,800,0,0,924,345.779
Ukraine,Ukraine,Europe,Eastern Europe,UA,UKR,804,0,0,928,857.976
United Arab Emirates,United Arab Emirates,West Asia,Arabian Peninsula,AE,ARE,784,0,0,932,23.5748
United Kingdom of Great Britain and Northern Ireland,United Kingdom of Great Britain and Northern Ireland,Europe,Western Europe,GB,GBR,826,1,1,936,1020.28
United Republic of Tanzania,United Republic of Tanzania,Africa,Southern Africa,TZ,TZA,834,0,0,940,1026.94
United States of America,United States of America,North America,North America,US,USA,840,1,1,944,7256.16
United States Virgin Islands,United States of America,Latin America + Caribbean,Caribbean,VI,VIR,850,0,0,948,0.45916
Uruguay,Uruguay,Latin America + Caribbean,South America,UY,URY,858,0,0,952,665.846
Uzbekistan,Uzbekistan,Asia + Pacific,Central Asia,UZ,UZB,860,0,0,956,457.658
Vanuatu,Vanuatu,Asia + Pacific,South Pacific,VU,VUT,548,0,0,960,11.0549
Venezuela Bolivarian Republic of,Venezuela Bolivarian Republic of,Latin America + Caribbean,South America,VE,VEN,862,0,0,964,977.702
Viet Nam,Viet Nam,Asia + Pacific,South East Asia,VN,VNM,704,0,0,968,2221.87
Wake Island,United States of America,Asia + Pacific,South Pacific,,,0,0,0,972,NULL
Wallis and Futuna,France,Asia + Pacific,South Pacific,WF,WLF,876,0,0,976,0.05407
Western Sahara,Western Sahara,Africa,Northern Africa,EH,ESH,732,0,0,980,5.47026
Yemen,Yemen,West Asia,Arabian Peninsula,YE,YEM,887,0,0,984,106.064
Zambia,Zambia,Africa,Southern Africa,ZM,ZMB,894,0,0,992,549.073
Zimbabwe,Zimbabwe,Africa,Southern Africa,ZW,ZWE,716,0,0,996,310.27